id,first_name,last_name,email,gender,ip_address
1,Lira,Leathes,lleathes0@bandcamp.com,Female,13.85.171.62
2,Hettie,Rimington,hrimington1@craigslist.org,Female,123.252.99.61
3,Ronald,Collumbine,rcollumbine2@blog.com,Male,23.128.114.64
4,Baldwin,Kilbourn,bkilbourn3@weather.com,Male,125.82.185.12
5,Udall,Adess,uadess4@spotify.com,Male,48.133.66.250
6,Wilhelm,Peele,wpeele5@apple.com,Male,96.192.93.209
7,Bill,Smalridge,bsmalridge6@prweb.com,Male,78.67.230.98
8,Abbe,Zipsell,azipsell7@un.org,Male,55.119.220.43
9,Meghan,Sundin,msundin8@yelp.com,Female,233.176.215.204
10,Jeramie,Ratke,jratke9@blinklist.com,Male,216.18.231.118
11,Siward,Forestall,sforestalla@cloudflare.com,Male,70.137.120.46
12,Melesa,Butt,mbuttb@bluehost.com,Female,94.151.81.240
13,Artie,Kop,akopc@huffingtonpost.com,Male,15.90.2.166
14,Lionel,Summerbell,lsummerbelld@squidoo.com,Male,11.238.233.211
15,Rhodie,Waylen,rwaylene@guardian.co.uk,Female,89.241.128.210
16,Marketa,Angeli,mangelif@aol.com,Female,252.230.48.127
17,Dotty,Bennington,dbenningtong@surveymonkey.com,Female,0.205.104.201
18,Datha,Dorey,ddoreyh@weibo.com,Female,82.70.171.71
19,Lindy,Passe,lpassei@jugem.jp,Male,188.103.241.39
20,Enrichetta,Matthiesen,ematthiesenj@home.pl,Female,182.230.22.85
21,Fons,Gresley,fgresleyk@purevolume.com,Male,80.165.23.251
22,Evangelin,Gorrick,egorrickl@europa.eu,Female,119.54.46.129
23,My,Normansell,mnormansellm@sakura.ne.jp,Male,119.234.10.82
24,Rosamund,Pesik,rpesikn@furl.net,Female,189.135.181.74
25,Bren,Yurshev,byurshevo@github.io,Male,135.84.171.98
26,Millisent,Finlator,mfinlatorp@craigslist.org,Female,220.113.115.190
27,Aldus,Fender,afenderq@tuttocitta.it,Male,80.68.243.38
28,Rocky,Antuoni,rantuonir@latimes.com,Male,17.115.64.153
29,Hubey,Battie,hbatties@gizmodo.com,Male,15.21.12.86
30,Emmaline,Fieldgate,efieldgatet@blogtalkradio.com,Female,64.171.101.37
31,Brook,Mackerness,bmackernessu@instagram.com,Female,69.135.17.240
32,Mar,Kubacki,mkubackiv@cam.ac.uk,Male,126.177.204.197
33,Shay,Saltsberg,ssaltsbergw@house.gov,Female,176.50.39.66
34,Rasia,Eva,revax@hibu.com,Female,53.115.19.113
35,Karyn,Wallege,kwallegey@miitbeian.gov.cn,Female,129.188.70.204
36,Madelin,Ciccetti,mciccettiz@who.int,Female,187.104.183.87
37,Frazer,Bromehead,fbromehead10@goo.gl,Male,24.73.246.243
38,Molly,Lathe,mlathe11@xing.com,Female,16.48.59.191
39,Nathalia,MacGovern,nmacgovern12@economist.com,Female,181.73.5.180
40,Franky,Schoenleiter,fschoenleiter13@networksolutions.com,Male,51.141.167.243
41,Anabelle,Barling,abarling14@google.cn,Female,47.151.44.2
42,Massimo,Relton,mrelton15@sitemeter.com,Male,57.124.182.174
43,Suzann,Gummoe,sgummoe16@mayoclinic.com,Female,101.7.127.98
44,Gwennie,Grimwood,ggrimwood17@wikispaces.com,Female,78.147.243.139
45,Dedie,Bottby,dbottby18@ning.com,Female,153.130.16.90
46,Mathian,Probbin,mprobbin19@techcrunch.com,Male,110.93.208.185
47,Maxwell,Kyd,mkyd1a@weebly.com,Male,179.117.140.87
48,Wynn,Prettyjohn,wprettyjohn1b@last.fm,Female,85.17.29.215
49,Lorenza,Saich,lsaich1c@goo.gl,Female,189.16.181.220
50,Thorny,Montel,tmontel1d@istockphoto.com,Male,179.158.65.218
51,Auberta,Humbatch,ahumbatch1e@sciencedaily.com,Female,117.189.146.48
52,Harmonie,Cragg,hcragg1f@ed.gov,Female,165.157.115.31
53,Rayna,Von Welldun,rvonwelldun1g@nifty.com,Female,219.64.67.29
54,Gayler,Lerven,glerven1h@netvibes.com,Male,231.140.34.255
55,Duky,Beartup,dbeartup1i@blogtalkradio.com,Male,113.84.127.175
56,Olenka,Camamill,ocamamill1j@topsy.com,Female,200.254.240.245
57,Renaldo,Rizziello,rrizziello1k@cafepress.com,Male,199.250.247.226
58,Edythe,Pendrick,ependrick1l@va.gov,Female,242.11.1.79
59,Ericka,Lanchester,elanchester1m@taobao.com,Female,139.153.235.11
60,Ynez,Vatini,yvatini1n@house.gov,Female,215.177.117.144
61,Alphard,Sleicht,asleicht1o@i2i.jp,Male,93.224.21.78
62,Waring,Monnery,wmonnery1p@phoca.cz,Male,164.237.111.144
63,Haskell,Godier,hgodier1q@loc.gov,Male,84.76.57.68
64,Nollie,Cudby,ncudby1r@freewebs.com,Female,136.130.123.144
65,Glenden,Bucktrout,gbucktrout1s@example.com,Male,107.140.97.113
66,Pansie,Aronowitz,paronowitz1t@yale.edu,Female,12.69.17.179
67,Olwen,Brunesco,obrunesco1u@ustream.tv,Female,14.146.213.169
68,Ivan,Brayshaw,ibrayshaw1v@xinhuanet.com,Male,29.231.26.217
69,Hephzibah,Allbut,hallbut1w@spotify.com,Female,104.102.96.102
70,Wash,McDuff,wmcduff1x@livejournal.com,Male,113.144.143.136
71,Sybilla,Ladel,sladel1y@shop-pro.jp,Female,239.145.90.153
72,Arvin,Kalker,akalker1z@google.ru,Male,150.152.144.192
73,Theo,Kidston,tkidston20@state.tx.us,Female,30.14.169.82
74,Ferne,MacGovern,fmacgovern21@java.com,Female,73.13.11.226
75,Lance,Domenichini,ldomenichini22@msn.com,Male,193.121.66.37
76,Even,Fooks,efooks23@businesswire.com,Male,35.203.121.255
77,Dame,Kenewel,dkenewel24@arizona.edu,Male,18.119.77.132
78,Ashlee,Spilling,aspilling25@wiley.com,Female,98.160.126.208
79,Lorry,Moxley,lmoxley26@elpais.com,Female,164.178.2.98
80,Sonia,Brundall,sbrundall27@example.com,Female,32.206.253.45
81,Jessie,McCrackan,jmccrackan28@businessinsider.com,Male,136.147.13.122
82,Blondell,Loverock,bloverock29@qq.com,Female,15.127.179.181
83,Huberto,Scotti,hscotti2a@spiegel.de,Male,195.212.86.35
84,Cash,Kenyon,ckenyon2b@surveymonkey.com,Male,99.6.147.154
85,Stern,Crummy,scrummy2c@cloudflare.com,Male,80.88.179.212
86,Allina,Durgan,adurgan2d@virginia.edu,Female,172.168.151.81
87,Chane,Longson,clongson2e@chronoengine.com,Male,102.45.179.94
88,Edwin,Soitoux,esoitoux2f@ed.gov,Male,79.66.35.151
89,Wake,Ingold,wingold2g@ebay.com,Male,49.241.72.196
90,Chiquita,Clemitt,cclemitt2h@slate.com,Female,115.181.227.94
91,Alva,Rao,arao2i@apple.com,Male,237.111.244.239
92,Uta,Mollnar,umollnar2j@histats.com,Female,199.235.135.111
93,Oswell,Olechnowicz,oolechnowicz2k@telegraph.co.uk,Male,253.154.233.39
94,Fonz,McColgan,fmccolgan2l@theguardian.com,Male,104.144.181.136
95,Bay,Whitwood,bwhitwood2m@php.net,Male,149.54.225.120
96,Fleur,Crutchfield,fcrutchfield2n@multiply.com,Female,118.32.45.254
97,Kipper,Kilduff,kkilduff2o@usnews.com,Male,43.75.185.95
98,Thorndike,Clemmens,tclemmens2p@arizona.edu,Male,133.144.53.152
99,Percy,Satterley,psatterley2q@networkadvertising.org,Male,81.208.56.149
100,Shelia,Yaknov,syaknov2r@seesaa.net,Female,68.4.183.51
101,Sully,Chilles,schilles2s@linkedin.com,Male,115.163.206.155
102,Julina,Selwyn,jselwyn2t@mapy.cz,Female,126.115.179.189
103,Marwin,Gylle,mgylle2u@time.com,Male,184.133.229.219
104,Dre,Karczinski,dkarczinski2v@example.com,Female,33.224.56.38
105,Fletch,Langlois,flanglois2w@cpanel.net,Male,130.165.119.225
106,Hurleigh,Wodeland,hwodeland2x@eventbrite.com,Male,13.34.215.116
107,Skipp,O'Gorman,sogorman2y@wikia.com,Male,23.222.3.140
108,Ignaz,McGunley,imcgunley2z@paginegialle.it,Male,12.114.85.45
109,Harmony,Purseglove,hpurseglove30@linkedin.com,Female,230.25.141.48
110,Corabel,Jeskins,cjeskins31@biblegateway.com,Female,100.58.159.162
111,Cristy,Goodin,cgoodin32@vistaprint.com,Female,99.230.100.18
112,Eal,Thompson,ethompson33@state.tx.us,Male,126.59.135.253
113,Liva,Heilds,lheilds34@smh.com.au,Female,34.241.213.234
114,Tiebold,Aleksankin,taleksankin35@globo.com,Male,71.197.255.127
115,Burlie,Reims,breims36@taobao.com,Male,138.14.205.153
116,Nappie,Sealove,nsealove37@photobucket.com,Male,5.173.109.126
117,Felicio,Daborne,fdaborne38@amazon.co.jp,Male,6.142.196.36
118,Luella,Cicchillo,lcicchillo39@spotify.com,Female,127.134.77.149
119,Newton,Yeates,nyeates3a@irs.gov,Male,99.180.10.241
120,Betteanne,Karle,bkarle3b@eventbrite.com,Female,163.180.239.26
121,Cahra,Ewells,cewells3c@intel.com,Female,57.193.43.91
122,Albrecht,Klosa,aklosa3d@latimes.com,Male,219.75.177.98
123,Mariele,M'Quharg,mmquharg3e@storify.com,Female,113.117.66.187
124,Trumann,Avory,tavory3f@sbwire.com,Male,95.2.100.130
125,Hilary,Reburn,hreburn3g@skype.com,Female,151.34.164.41
126,Newton,Yeldon,nyeldon3h@yahoo.com,Male,187.247.65.77
127,Graig,McGeever,gmcgeever3i@livejournal.com,Male,239.159.22.246
128,Edd,Bradnum,ebradnum3j@wunderground.com,Male,40.103.64.185
129,Ferguson,McDermid,fmcdermid3k@cbsnews.com,Male,180.69.36.61
130,Kare,Ord,kord3l@altervista.org,Female,252.34.201.0
131,Sianna,Sneezum,ssneezum3m@biblegateway.com,Female,45.129.46.223
132,Lauren,Whatham,lwhatham3n@cargocollective.com,Male,48.215.74.99
133,Sanson,Poppy,spoppy3o@hugedomains.com,Male,129.172.47.60
134,Tommi,Roch,troch3p@senate.gov,Female,64.119.151.30
135,Reeva,Hayen,rhayen3q@upenn.edu,Female,56.178.99.69
136,Alethea,Rowbottom,arowbottom3r@google.nl,Female,167.127.100.172
137,Michale,Kusick,mkusick3s@addthis.com,Male,144.151.255.115
138,Kiel,Bartolomeo,kbartolomeo3t@discovery.com,Male,137.12.216.157
139,Roscoe,McClaurie,rmcclaurie3u@lycos.com,Male,222.41.244.154
140,Tonya,Rousell,trousell3v@princeton.edu,Female,192.73.77.131
141,Kleon,Novelli,knovelli3w@free.fr,Male,238.36.195.118
142,Harbert,Grimditch,hgrimditch3x@latimes.com,Male,55.137.254.131
143,Margaret,Plackstone,mplackstone3y@simplemachines.org,Female,114.104.81.124
144,Flss,Kiessel,fkiessel3z@deviantart.com,Female,131.129.150.83
145,Minny,Hawtin,mhawtin40@issuu.com,Female,95.129.128.48
146,Viola,Leupold,vleupold41@51.la,Female,210.96.99.201
147,Elijah,Houten,ehouten42@storify.com,Male,140.33.222.169
148,Worthington,Brownsett,wbrownsett43@amazonaws.com,Male,251.200.20.28
149,Nickolas,Megroff,nmegroff44@t.co,Male,130.236.168.34
150,Lydia,Cobden,lcobden45@woothemes.com,Female,20.225.44.211
151,Mil,Lailey,mlailey46@nationalgeographic.com,Female,113.195.45.92
152,Katha,Maddock,kmaddock47@wikimedia.org,Female,221.38.95.155
153,Seana,McCurlye,smccurlye48@liveinternet.ru,Female,23.203.183.151
154,Maryl,Datte,mdatte49@stanford.edu,Female,230.51.41.98
155,Flin,Shelborne,fshelborne4a@digg.com,Male,54.31.142.189
156,Devora,Henriet,dhenriet4b@taobao.com,Female,112.78.35.26
157,Reta,Abrams,rabrams4c@geocities.com,Female,136.191.56.86
158,Alia,Muriel,amuriel4d@furl.net,Female,94.210.91.243
159,Freida,Padly,fpadly4e@sitemeter.com,Female,242.240.41.59
160,Codee,Cornewell,ccornewell4f@whitehouse.gov,Female,95.9.131.158
161,Sergio,Maruszewski,smaruszewski4g@opera.com,Male,68.80.31.58
162,Elihu,Kohnen,ekohnen4h@hugedomains.com,Male,225.28.133.221
163,Roddie,Gotthard.sf,rgotthardsf4i@constantcontact.com,Male,123.128.251.228
164,Asher,McClenaghan,amcclenaghan4j@dropbox.com,Male,34.110.115.119
165,Muffin,Pearn,mpearn4k@pinterest.com,Male,145.215.83.76
166,Nada,Metcalf,nmetcalf4l@cbslocal.com,Female,154.50.126.189
167,Celle,Brigginshaw,cbrigginshaw4m@wunderground.com,Female,58.173.47.64
168,Aleece,Winckworth,awinckworth4n@elpais.com,Female,169.115.70.211
169,Chrissie,BoHlingolsen,cbohlingolsen4o@umn.edu,Male,118.135.134.171
170,Bail,Hought,bhought4p@alexa.com,Male,22.177.129.158
171,Brad,Bagehot,bbagehot4q@businesswire.com,Male,229.235.186.78
172,Doro,Clibbery,dclibbery4r@pbs.org,Female,57.99.129.49
173,Aleda,McFadzean,amcfadzean4s@washington.edu,Female,46.53.46.51
174,David,de Broke,ddebroke4t@flavors.me,Male,227.6.177.140
175,Lacy,Farnham,lfarnham4u@stumbleupon.com,Female,205.49.86.45
176,Adda,Binnes,abinnes4v@bing.com,Female,212.110.37.1
177,Malena,Belcher,mbelcher4w@ehow.com,Female,87.19.177.185
178,Ania,Ashlin,aashlin4x@goo.gl,Female,146.72.233.186
179,Arlette,Murty,amurty4y@delicious.com,Female,52.124.178.245
180,Alysa,Abbati,aabbati4z@fotki.com,Female,223.20.33.6
181,Buck,Thornbarrow,bthornbarrow50@vk.com,Male,211.250.128.56
182,Daniella,Kwietek,dkwietek51@usatoday.com,Female,57.33.236.31
183,Theobald,Metts,tmetts52@dailymotion.com,Male,217.136.143.139
184,Elwin,Penbarthy,epenbarthy53@sun.com,Male,234.234.131.21
185,Tisha,Casely,tcasely54@instagram.com,Female,26.230.121.57
186,Sollie,Eckford,seckford55@ebay.com,Male,233.146.43.234
187,Findlay,Dunsleve,fdunsleve56@twitter.com,Male,169.93.106.205
188,Leonerd,Folley,lfolley57@netvibes.com,Male,20.228.198.148
189,Bonnee,Tremblett,btremblett58@amazon.co.uk,Female,32.157.241.86
190,Wilton,Featherston,wfeatherston59@addthis.com,Male,68.18.237.25
191,Haskel,Shakespeare,hshakespeare5a@independent.co.uk,Male,200.185.61.46
192,Rog,Raffan,rraffan5b@ebay.com,Male,150.47.73.37
193,Wait,Nother,wnother5c@geocities.jp,Male,10.85.192.217
194,Trevar,Conochie,tconochie5d@wix.com,Male,178.85.239.156
195,Shelton,Thomke,sthomke5e@cornell.edu,Male,124.56.99.227
196,Aloin,Fibbit,afibbit5f@engadget.com,Male,2.69.209.102
197,Hadlee,Blondell,hblondell5g@blinklist.com,Male,204.45.121.65
198,Lisetta,Girhard,lgirhard5h@loc.gov,Female,64.138.128.223
199,Franni,Kubicka,fkubicka5i@forbes.com,Female,40.161.84.45
200,Robert,Fulger,rfulger5j@ezinearticles.com,Male,3.86.193.83
201,Lyssa,Merck,lmerck5k@marketwatch.com,Female,250.122.119.38
202,Lion,McGiffie,lmcgiffie5l@deliciousdays.com,Male,185.253.29.210
203,Ellen,McInnery,emcinnery5m@diigo.com,Female,53.178.233.0
204,Bernadina,Argabrite,bargabrite5n@paginegialle.it,Female,255.240.214.62
205,Sonni,Tanfield,stanfield5o@foxnews.com,Female,49.119.235.237
206,Dexter,Curling,dcurling5p@illinois.edu,Male,153.199.229.173
207,Addia,Britt,abritt5q@dyndns.org,Female,223.152.239.172
208,Stewart,Aldrich,saldrich5r@deviantart.com,Male,89.184.91.65
209,Clemmy,Stampfer,cstampfer5s@livejournal.com,Female,7.242.144.129
210,Deidre,Casacchia,dcasacchia5t@simplemachines.org,Female,105.48.73.35
211,Salim,Challes,schalles5u@desdev.cn,Male,96.85.242.213
212,Ian,Hullah,ihullah5v@delicious.com,Male,114.159.18.52
213,Hendrika,Bernadot,hbernadot5w@dot.gov,Female,85.62.77.10
214,Maura,McNeachtain,mmcneachtain5x@bbb.org,Female,165.151.18.110
215,Adamo,Forsdyke,aforsdyke5y@princeton.edu,Male,83.70.62.6
216,Crawford,Scurr,cscurr5z@prnewswire.com,Male,119.152.63.69
217,Lanie,Drewes,ldrewes60@home.pl,Male,134.128.111.39
218,Zahara,Havercroft,zhavercroft61@omniture.com,Female,185.194.67.32
219,Paule,Garden,pgarden62@cdbaby.com,Female,152.30.96.180
220,Betti,Hasely,bhasely63@toplist.cz,Female,68.138.219.91
221,Sallee,Dixcey,sdixcey64@mediafire.com,Female,231.182.75.215
222,Spencer,Layfield,slayfield65@topsy.com,Male,53.179.113.187
223,Sarena,Reynish,sreynish66@gizmodo.com,Female,220.6.147.91
224,Carline,Twitchett,ctwitchett67@flickr.com,Female,156.173.36.121
225,Karlik,Chisnall,kchisnall68@nature.com,Male,186.86.16.238
226,Larry,Gude,lgude69@illinois.edu,Male,33.237.145.181
227,Maxy,McGrotty,mmcgrotty6a@linkedin.com,Female,129.223.187.236
228,West,Peris,wperis6b@slideshare.net,Male,4.65.249.215
229,Fairlie,Duligal,fduligal6c@arizona.edu,Male,27.76.34.106
230,Gawain,Aguirre,gaguirre6d@japanpost.jp,Male,237.25.207.43
231,Lauraine,O' Markey,lomarkey6e@geocities.jp,Female,32.88.121.75
232,Tedd,Titterell,ttitterell6f@toplist.cz,Male,41.62.233.23
233,Pammi,Dotson,pdotson6g@elegantthemes.com,Female,126.192.34.97
234,Javier,Wallace,jwallace6h@msn.com,Male,155.144.202.249
235,Minna,Cheek,mcheek6i@skype.com,Female,92.134.57.21
236,Goran,Sinkinson,gsinkinson6j@imageshack.us,Male,52.71.118.168
237,Andrej,Ullyott,aullyott6k@deviantart.com,Male,80.66.96.43
238,Moll,Lyptrade,mlyptrade6l@fc2.com,Female,56.166.33.249
239,Rosana,de Vaen,rdevaen6m@amazon.co.uk,Female,227.199.145.43
240,Rochell,Mum,rmum6n@dropbox.com,Female,66.27.118.14
241,Bronnie,Awty,bawty6o@va.gov,Male,1.161.78.124
242,Perry,Paulon,ppaulon6p@shinystat.com,Male,170.139.147.187
243,Rorke,Dran,rdran6q@arizona.edu,Male,230.245.170.159
244,Chiquia,Ovenden,covenden6r@quantcast.com,Female,216.180.248.149
245,Mathian,Quodling,mquodling6s@zdnet.com,Male,87.157.156.231
246,Mycah,Cufley,mcufley6t@auda.org.au,Male,245.210.238.218
247,Arnaldo,Grassett,agrassett6u@cbsnews.com,Male,226.67.18.12
248,Kipper,Pyffe,kpyffe6v@skyrock.com,Male,74.163.179.100
249,Therese,Boocock,tboocock6w@zdnet.com,Female,170.130.172.233
250,Ritchie,Henderson,rhenderson6x@ihg.com,Male,229.33.50.180
251,Poul,Svanetti,psvanetti6y@mediafire.com,Male,176.175.49.20
252,Daphne,Bernardi,dbernardi6z@nyu.edu,Female,42.168.92.247
253,Stefano,Haythorn,shaythorn70@businesswire.com,Male,123.37.123.28
254,Violet,Cattlow,vcattlow71@cargocollective.com,Female,140.4.164.88
255,Pete,Colebourne,pcolebourne72@cornell.edu,Male,176.76.25.75
256,Fawne,Longridge,flongridge73@joomla.org,Female,62.53.109.55
257,Kaile,Lerigo,klerigo74@seattletimes.com,Female,34.230.113.124
258,Lilly,Milham,lmilham75@squidoo.com,Female,81.196.187.83
259,Carl,Schwant,cschwant76@sfgate.com,Male,118.154.153.218
260,Gaile,Tansly,gtansly77@microsoft.com,Male,57.176.209.202
261,Harmony,Povele,hpovele78@sina.com.cn,Female,98.158.48.98
262,Ronnie,Ludwig,rludwig79@unesco.org,Male,32.84.128.116
263,Fred,Osban,fosban7a@youku.com,Male,54.212.97.37
264,Brianne,Blagdon,bblagdon7b@ifeng.com,Female,223.162.43.64
265,Corinna,Gerriet,cgerriet7c@fotki.com,Female,163.96.219.85
266,Roland,Lamey,rlamey7d@ycombinator.com,Male,107.47.146.4
267,Idalina,Raffles,iraffles7e@artisteer.com,Female,117.163.240.14
268,Joaquin,Canadine,jcanadine7f@nbcnews.com,Male,158.181.48.150
269,Judas,Bickersteth,jbickersteth7g@soundcloud.com,Male,177.26.73.148
270,Sigfrid,McCartan,smccartan7h@goodreads.com,Male,166.239.201.105
271,Glen,Fawcitt,gfawcitt7i@tripod.com,Male,52.33.77.2
272,Nicola,Beavington,nbeavington7j@youtube.com,Male,85.81.146.56
273,Kincaid,Awdry,kawdry7k@archive.org,Male,236.80.215.239
274,Dorene,Treble,dtreble7l@sfgate.com,Female,230.169.200.76
275,Athena,Pethick,apethick7m@hubpages.com,Female,12.22.214.222
276,Kaja,Cotte,kcotte7n@fotki.com,Female,254.14.165.64
277,Brynna,McKune,bmckune7o@skyrock.com,Female,47.137.207.172
278,Etti,Rean,erean7p@cnn.com,Female,165.91.115.13
279,Waylon,Mongin,wmongin7q@google.nl,Male,176.93.61.124
280,Bogart,Shingler,bshingler7r@webnode.com,Male,141.109.60.46
281,Dorthy,Lougheed,dlougheed7s@stumbleupon.com,Female,157.218.138.135
282,Anderson,Pilcher,apilcher7t@purevolume.com,Male,104.117.132.183
283,Teddie,Prott,tprott7u@bluehost.com,Male,128.192.206.218
284,Fonz,Itzchaki,fitzchaki7v@4shared.com,Male,114.9.138.161
285,Madelena,Ardern,mardern7w@ebay.co.uk,Female,69.147.183.153
286,Bertrand,Sanderson,bsanderson7x@friendfeed.com,Male,183.12.111.148
287,Koren,Bwy,kbwy7y@mediafire.com,Female,24.195.62.50
288,Cacilie,MacVaugh,cmacvaugh7z@blinklist.com,Female,171.191.159.125
289,Mirabella,Hazart,mhazart80@elpais.com,Female,225.76.206.53
290,Erny,Flye,eflye81@cisco.com,Male,96.231.33.111
291,Raina,Truelock,rtruelock82@ehow.com,Female,49.240.126.65
292,Keelia,Lynd,klynd83@hc360.com,Female,152.117.27.182
293,Frank,De Michele,fdemichele84@blogtalkradio.com,Female,2.98.190.216
294,Joelynn,Brandin,jbrandin85@cpanel.net,Female,130.185.208.49
295,Catlaina,Dyde,cdyde86@prnewswire.com,Female,233.3.137.30
296,Scotti,Gatecliffe,sgatecliffe87@guardian.co.uk,Male,80.126.206.60
297,Scarlet,Andreia,sandreia88@abc.net.au,Female,185.139.145.1
298,Zena,Woolford,zwoolford89@sohu.com,Female,26.85.228.215
299,Saunderson,Pykerman,spykerman8a@spiegel.de,Male,24.119.186.67
300,Briny,Wyatt,bwyatt8b@wikipedia.org,Female,40.13.183.232
301,Che,Noads,cnoads8c@barnesandnoble.com,Male,126.41.206.129
302,Barby,Burgher,bburgher8d@businessinsider.com,Female,132.87.51.76
303,Thaxter,MacColgan,tmaccolgan8e@eepurl.com,Male,243.183.43.132
304,Menard,Ghost,mghost8f@xing.com,Male,87.20.175.2
305,Rikki,Musgrove,rmusgrove8g@typepad.com,Female,236.24.55.230
306,Donna,Dies,ddies8h@technorati.com,Female,203.242.58.2
307,Antoni,Groocock,agroocock8i@uol.com.br,Male,188.71.182.66
308,Jennica,Stackbridge,jstackbridge8j@zdnet.com,Female,183.60.33.57
309,Francine,Shave,fshave8k@mit.edu,Female,242.190.21.224
310,Robinet,Grierson,rgrierson8l@networkadvertising.org,Female,81.228.187.238
311,Drew,Markovich,dmarkovich8m@walmart.com,Male,53.156.143.109
312,Cary,Tainton,ctainton8n@auda.org.au,Male,225.83.84.89
313,Jordana,Bertson,jbertson8o@com.com,Female,249.172.137.198
314,Nell,Hurdman,nhurdman8p@msu.edu,Female,200.86.152.86
315,Otis,Edginton,oedginton8q@businessinsider.com,Male,157.222.14.16
316,Theressa,Beaconsall,tbeaconsall8r@bloglovin.com,Female,126.233.219.148
317,Gui,Tolcharde,gtolcharde8s@yolasite.com,Female,166.130.32.207
318,Emmett,Fleming,efleming8t@go.com,Male,167.199.61.100
319,Heath,Emmanuel,hemmanuel8u@earthlink.net,Male,222.24.147.189
320,Jemie,Berzon,jberzon8v@elegantthemes.com,Female,254.175.39.92
321,Clayborn,Ledwitch,cledwitch8w@hp.com,Male,223.79.147.101
322,Joli,Dingle,jdingle8x@ustream.tv,Female,255.208.131.179
323,Demetra,de Verson,ddeverson8y@a8.net,Female,194.219.206.70
324,Waverley,Messruther,wmessruther8z@reverbnation.com,Male,4.114.35.198
325,Gilles,Gianetti,ggianetti90@usa.gov,Male,24.130.50.150
326,Hedy,Aylwin,haylwin91@google.cn,Female,26.139.138.34
327,Clovis,Grimoldby,cgrimoldby92@theguardian.com,Female,234.162.95.79
328,Hy,Klewer,hklewer93@1und1.de,Male,204.180.48.57
329,Derby,Childs,dchilds94@guardian.co.uk,Male,143.148.153.139
330,Christy,Daoust,cdaoust95@nytimes.com,Female,202.170.106.47
331,Alli,Ewbanche,aewbanche96@discuz.net,Female,144.83.140.189
332,Skippy,Coping,scoping97@dedecms.com,Male,96.14.254.202
333,Lela,Bareford,lbareford98@slideshare.net,Female,67.167.215.105
334,Henka,Ludl,hludl99@ebay.com,Female,58.200.240.35
335,Raynard,Cline,rcline9a@wiley.com,Male,68.30.94.123
336,Grange,Vaadeland,gvaadeland9b@squidoo.com,Male,96.53.55.115
337,Letitia,Gronow,lgronow9c@lulu.com,Female,164.158.10.40
338,Marthena,Dyball,mdyball9d@digg.com,Female,42.34.148.13
339,Jedidiah,Leyman,jleyman9e@google.fr,Male,247.225.69.32
340,Starr,Greenmon,sgreenmon9f@economist.com,Female,181.249.191.201
341,Sheff,Bielby,sbielby9g@mediafire.com,Male,163.178.153.237
342,Tansy,Volant,tvolant9h@instagram.com,Female,142.70.52.95
343,Cirilo,Bardsley,cbardsley9i@parallels.com,Male,130.183.78.150
344,Sibyl,Sharma,ssharma9j@bloglovin.com,Male,35.221.149.214
345,Granger,Spincks,gspincks9k@google.nl,Male,123.106.113.158
346,Margret,McHaffy,mmchaffy9l@intel.com,Female,128.221.3.8
347,Meggie,Hirthe,mhirthe9m@furl.net,Female,237.57.253.231
348,Casey,Amber,camber9n@ibm.com,Male,130.125.14.25
349,Ricardo,Danne,rdanne9o@bigcartel.com,Male,157.128.178.107
350,Cornela,Swynfen,cswynfen9p@livejournal.com,Female,9.252.179.245
351,Pedro,Gwyneth,pgwyneth9q@usgs.gov,Male,126.163.55.247
352,Jacobo,Agney,jagney9r@amazonaws.com,Male,106.164.113.164
353,Bernie,Lorraway,blorraway9s@hostgator.com,Male,156.87.109.21
354,Gilbertina,Braisher,gbraisher9t@jiathis.com,Female,238.173.67.5
355,Avie,Rosedale,arosedale9u@merriam-webster.com,Female,169.229.238.130
356,Eudora,McElwee,emcelwee9v@jiathis.com,Female,17.5.38.85
357,Donica,Insley,dinsley9w@dropbox.com,Female,241.122.16.114
358,Andra,Fonteyne,afonteyne9x@hexun.com,Female,193.225.201.29
359,Tammy,Bamling,tbamling9y@over-blog.com,Male,152.115.34.174
360,Darb,Tweed,dtweed9z@godaddy.com,Male,162.173.129.135
361,Corbin,Troop,ctroopa0@liveinternet.ru,Male,61.90.60.218
362,Marta,Klamp,mklampa1@blogtalkradio.com,Female,70.5.154.228
363,Jo,Gooke,jgookea2@adobe.com,Male,247.73.34.5
364,Clari,Crebott,ccrebotta3@businessweek.com,Female,91.43.80.137
365,Kandace,Roubay,kroubaya4@mtv.com,Female,86.12.162.115
366,Foster,Kinloch,fkinlocha5@mozilla.com,Male,37.32.191.124
367,Edlin,Jarrad,ejarrada6@creativecommons.org,Male,79.25.6.167
368,Janie,Jonathon,jjonathona7@va.gov,Female,101.45.29.241
369,Lorette,Ricco,lriccoa8@uiuc.edu,Female,209.81.93.97
370,Corrianne,Plaide,cplaidea9@unc.edu,Female,203.172.51.14
371,Ailey,Plum,aplumaa@unblog.fr,Female,128.117.163.150
372,Stormy,Rushforth,srushforthab@skype.com,Female,79.222.54.164
373,Lorry,Elnaugh,lelnaughac@webmd.com,Female,153.247.133.244
374,Roze,Broschek,rbroschekad@instagram.com,Female,198.29.116.215
375,Patin,Baumann,pbaumannae@tuttocitta.it,Male,24.18.243.250
376,Claybourne,Sneden,csnedenaf@apache.org,Male,22.239.36.103
377,Holmes,De Blase,hdeblaseag@time.com,Male,109.195.63.160
378,Juan,Beyn,jbeynah@chronoengine.com,Male,50.66.90.205
379,Ricki,Twyford,rtwyfordai@wufoo.com,Female,60.30.125.181
380,Aurthur,McAllister,amcallisteraj@adobe.com,Male,165.174.107.178
381,Barr,Gontier,bgontierak@latimes.com,Male,54.97.188.68
382,Guy,Shippey,gshippeyal@usa.gov,Male,218.60.194.208
383,Cullie,Erskine Sandys,cerskinesandysam@senate.gov,Male,101.210.147.151
384,Marianne,Cooch,mcoochan@cdbaby.com,Female,187.238.104.104
385,Eugine,Morrant,emorrantao@barnesandnoble.com,Female,110.183.202.171
386,Hanan,Cockshoot,hcockshootap@163.com,Male,196.18.240.95
387,Eldredge,Dewberry,edewberryaq@ihg.com,Male,135.161.206.129
388,Alfy,Huscroft,ahuscroftar@ihg.com,Female,247.109.12.111
389,Cleve,Annett,cannettas@vinaora.com,Male,111.53.91.6
390,Dee,Saterthwait,dsaterthwaitat@51.la,Female,157.77.74.46
391,Phip,Stanyon,pstanyonau@reference.com,Male,87.46.249.143
392,Samson,Llewellin,sllewellinav@posterous.com,Male,246.182.92.77
393,Griffin,Pulman,gpulmanaw@buzzfeed.com,Male,231.199.236.94
394,Iago,Curgenuer,icurgenuerax@infoseek.co.jp,Male,18.9.70.181
395,Elane,Strafen,estrafenay@quantcast.com,Female,90.93.184.109
396,Brnaba,Riping,bripingaz@webmd.com,Male,50.35.118.230
397,Wash,Orneblow,worneblowb0@rediff.com,Male,140.253.12.23
398,Debra,Hanster,dhansterb1@sohu.com,Female,220.180.33.189
399,Maisie,Deere,mdeereb2@bloglovin.com,Female,90.5.147.147
400,Abel,Palluschek,apalluschekb3@cbsnews.com,Male,221.11.189.194
401,Lou,Dickons,ldickonsb4@prweb.com,Female,230.247.112.172
402,Tiffanie,Rubens,trubensb5@barnesandnoble.com,Female,237.161.221.78
403,Raul,Robun,rrobunb6@msn.com,Male,205.7.127.81
404,Daniele,Winder,dwinderb7@w3.org,Female,215.48.132.39
405,Consuela,Cops,ccopsb8@discuz.net,Female,207.51.23.93
406,Shane,Spaxman,sspaxmanb9@google.co.uk,Male,12.121.33.63
407,Valentine,Whittenbury,vwhittenburyba@businessweek.com,Male,138.210.52.99
408,Gwendolin,Luna,glunabb@1688.com,Female,70.240.153.181
409,Alla,Eley,aeleybc@nbcnews.com,Female,126.41.6.166
410,Lark,Cristofaro,lcristofarobd@dropbox.com,Female,25.133.154.225
411,Terrell,Boshard,tboshardbe@unc.edu,Male,154.135.159.180
412,Arni,Lafontaine,alafontainebf@businesswire.com,Male,148.62.150.78
413,Amery,Lomb,alombbg@discuz.net,Male,160.11.216.164
414,Beverlee,Cherryman,bcherrymanbh@springer.com,Female,194.34.232.97
415,Damaris,Kingswell,dkingswellbi@simplemachines.org,Female,171.160.148.43
416,Levy,Baus,lbausbj@blogspot.com,Male,236.40.158.232
417,Marion,Krook,mkrookbk@mysql.com,Male,231.113.254.85
418,Martino,Hardi,mhardibl@bing.com,Male,11.6.35.243
419,Trever,Katzmann,tkatzmannbm@barnesandnoble.com,Male,77.159.200.156
420,Stefanie,Mourge,smourgebn@amazon.de,Female,129.209.70.200
421,Karna,Claybourn,kclaybournbo@omniture.com,Female,227.48.252.45
422,Venus,Tapsell,vtapsellbp@ask.com,Female,162.81.200.5
423,Hobart,Uren,hurenbq@issuu.com,Male,130.62.8.160
424,Shanda,Miroy,smiroybr@sciencedirect.com,Female,20.1.146.243
425,Erl,Milam,emilambs@zdnet.com,Male,166.104.169.186
426,Marie-jeanne,Shakeshaft,mshakeshaftbt@free.fr,Female,68.232.254.74
427,Jamill,Twelvetree,jtwelvetreebu@opera.com,Male,108.156.86.237
428,Tomkin,Wildin,twildinbv@dell.com,Male,149.240.97.174
429,Flynn,Sapir,fsapirbw@vimeo.com,Male,129.48.1.127
430,Wells,Simms,wsimmsbx@networkadvertising.org,Male,69.219.205.150
431,Eldridge,Kirman,ekirmanby@marketwatch.com,Male,162.246.145.87
432,Mychal,Vasyutin,mvasyutinbz@soundcloud.com,Male,162.145.34.65
433,Axe,Ivan,aivanc0@homestead.com,Male,192.24.11.132
434,Hasty,Try,htryc1@blogs.com,Male,205.188.177.112
435,Carri,Gurge,cgurgec2@yellowpages.com,Female,2.19.69.76
436,Shelby,Coughan,scoughanc3@t.co,Male,113.141.36.72
437,Lib,Bowring,lbowringc4@angelfire.com,Female,10.181.120.56
438,Mufinella,Lillico,mlillicoc5@smugmug.com,Female,68.129.62.234
439,Tomi,Leethem,tleethemc6@acquirethisname.com,Female,196.254.52.99
440,Goran,Mollindinia,gmollindiniac7@psu.edu,Male,112.14.198.236
441,Corliss,Soall,csoallc8@omniture.com,Female,17.161.92.34
442,Adrian,Stratford,astratfordc9@delicious.com,Female,254.143.95.213
443,Khalil,Terrans,kterransca@soundcloud.com,Male,146.20.70.176
444,Samaria,Mullarkey,smullarkeycb@about.me,Female,156.80.181.134
445,Leanor,Pinching,lpinchingcc@ebay.com,Female,86.117.30.248
446,Juliette,Scroggie,jscroggiecd@reuters.com,Female,206.106.220.8
447,Micheil,O'Fogerty,mofogertyce@usatoday.com,Male,240.18.154.51
448,Trenna,MacGahey,tmacgaheycf@dion.ne.jp,Female,145.178.169.78
449,Agace,Carek,acarekcg@g.co,Female,47.20.218.234
450,Fredric,Durbin,fdurbinch@springer.com,Male,101.157.185.88
451,Lizabeth,Banfill,lbanfillci@phoca.cz,Female,36.82.33.105
452,Carl,Costen,ccostencj@stanford.edu,Male,189.138.251.59
453,Ted,Tilley,ttilleyck@wikipedia.org,Female,226.150.245.167
454,Taite,Have,thavecl@loc.gov,Male,219.17.190.227
455,Marietta,Bunyan,mbunyancm@ucoz.com,Male,216.112.195.21
456,Chaddy,Blanc,cblanccn@telegraph.co.uk,Male,56.98.108.130
457,Tandy,Fricke,tfrickeco@bloglines.com,Female,171.10.143.131
458,Woody,Harteley,wharteleycp@sogou.com,Male,72.105.159.79
459,Sherlocke,Lowes,slowescq@tumblr.com,Male,34.188.145.20
460,Thain,Silversmid,tsilversmidcr@studiopress.com,Male,203.149.37.221
461,Adey,Bulley,abulleycs@mapy.cz,Female,207.154.122.10
462,Kimball,Bridden,kbriddenct@google.com,Male,241.255.143.231
463,Kingsley,Merriment,kmerrimentcu@edublogs.org,Male,213.17.180.37
464,Nyssa,Garz,ngarzcv@auda.org.au,Female,53.121.35.119
465,Ab,Peacham,apeachamcw@feedburner.com,Male,93.236.131.251
466,Gabbey,Churches,gchurchescx@google.ru,Female,174.38.42.14
467,Feodor,Chooter,fchootercy@friendfeed.com,Male,179.249.92.141
468,Clerkclaude,Galego,cgalegocz@nba.com,Male,98.43.217.169
469,Augie,Blaschek,ablaschekd0@bloomberg.com,Male,21.58.101.10
470,Rebekah,Drennan,rdrennand1@scribd.com,Female,115.90.69.12
471,Fran,Labro,flabrod2@scribd.com,Female,118.129.18.27
472,Luther,Pattemore,lpattemored3@mapquest.com,Male,143.178.12.16
473,Vittorio,Surgey,vsurgeyd4@canalblog.com,Male,118.61.126.78
474,Robert,Roxby,rroxbyd5@mac.com,Male,160.107.201.199
475,Lenci,Behn,lbehnd6@cbslocal.com,Male,82.201.212.83
476,Tonya,Leavesley,tleavesleyd7@toplist.cz,Female,87.101.29.156
477,Read,Burren,rburrend8@paypal.com,Male,210.67.240.27
478,Giuseppe,Krollman,gkrollmand9@google.cn,Male,46.158.32.250
479,Fulton,Arnaud,farnaudda@columbia.edu,Male,113.220.246.116
480,Horton,Calderbank,hcalderbankdb@wisc.edu,Male,252.20.134.30
481,Bobbye,Bandy,bbandydc@wufoo.com,Female,21.2.244.141
482,Troy,Scritch,tscritchdd@mozilla.com,Male,15.204.37.15
483,Patrice,Biesty,pbiestyde@un.org,Female,24.29.174.29
484,Talyah,De-Ville,tdevilledf@mac.com,Female,99.247.200.251
485,Walker,Burd,wburddg@bbc.co.uk,Male,29.131.104.86
486,Kirsteni,McSkeagan,kmcskeagandh@e-recht24.de,Female,80.133.192.105
487,Rolfe,Belham,rbelhamdi@nsw.gov.au,Male,211.105.161.125
488,Vitia,Lethebridge,vlethebridgedj@usa.gov,Female,247.186.113.33
489,Raleigh,Pere,rperedk@slashdot.org,Male,53.195.204.187
490,Cele,Whysall,cwhysalldl@prweb.com,Female,97.174.174.218
491,Turner,Shotboulte,tshotboultedm@columbia.edu,Male,205.187.51.47
492,Nadiya,Coppin,ncoppindn@rambler.ru,Female,251.226.142.252
493,Nichol,Brotheridge,nbrotheridgedo@bing.com,Female,98.31.168.61
494,Milli,Castagnet,mcastagnetdp@studiopress.com,Female,212.20.190.40
495,Fletch,Marcos,fmarcosdq@sun.com,Male,44.167.36.93
496,Gideon,Tingle,gtingledr@sfgate.com,Male,121.0.63.30
497,Mariele,Goulbourn,mgoulbournds@japanpost.jp,Female,178.106.72.66
498,Skippie,Ferronier,sferronierdt@virginia.edu,Male,214.60.176.217
499,Adelaide,Danick,adanickdu@csmonitor.com,Female,169.225.228.165
500,Terry,Gambles,tgamblesdv@i2i.jp,Female,142.176.71.26
501,Ogdon,Kohn,okohndw@ask.com,Male,164.87.236.44
502,Emmott,Bastistini,ebastistinidx@ycombinator.com,Male,17.202.12.225
503,Valle,Febvre,vfebvredy@usda.gov,Male,223.227.75.173
504,Dionysus,Crottagh,dcrottaghdz@reddit.com,Male,18.87.142.181
505,Marcelle,Emanuel,memanuele0@4shared.com,Female,254.32.62.152
506,Carson,Vardie,cvardiee1@etsy.com,Male,216.84.142.33
507,Eliot,Noods,enoodse2@nymag.com,Male,99.120.164.54
508,Fanchon,Staddon,fstaddone3@so-net.ne.jp,Female,18.224.53.198
509,Saraann,Smithen,ssmithene4@paypal.com,Female,4.31.176.230
510,Jenifer,Lynds,jlyndse5@feedburner.com,Female,160.115.173.244
511,Fanechka,Thurlbeck,fthurlbecke6@engadget.com,Female,25.96.97.242
512,Clarey,Chomicki,cchomickie7@google.nl,Female,105.26.6.244
513,Leigha,Hugle,lhuglee8@google.pl,Female,226.166.162.230
514,Chadd,Longhorn,clonghorne9@aboutads.info,Male,40.206.200.179
515,Helaina,Dubois,hduboisea@freewebs.com,Female,243.137.61.86
516,Marleen,Beasley,mbeasleyeb@yandex.ru,Female,174.35.71.198
517,Tiphani,Buckerfield,tbuckerfieldec@qq.com,Female,234.238.84.67
518,Marlowe,Brumby,mbrumbyed@mashable.com,Male,82.188.32.82
519,Carling,Tarplee,ctarpleeee@free.fr,Male,61.80.130.151
520,Danella,Vial,dvialef@google.com.au,Female,42.132.30.215
521,Tiffy,Craydon,tcraydoneg@tmall.com,Female,131.237.194.254
522,Ephraim,Wadwell,ewadwelleh@elegantthemes.com,Male,72.105.228.251
523,Glennis,Kenaway,gkenawayei@webmd.com,Female,80.17.24.180
524,Rachele,Loads,rloadsej@timesonline.co.uk,Female,164.82.118.7
525,Davin,Bowshire,dbowshireek@feedburner.com,Male,86.166.154.78
526,Manolo,Demare,mdemareel@cnet.com,Male,1.133.174.24
527,Arleen,Heeran,aheeranem@goo.ne.jp,Female,0.249.85.62
528,Joly,Croal,jcroalen@trellian.com,Female,41.140.162.248
529,Kellen,Henkens,khenkenseo@dyndns.org,Female,164.14.30.125
530,Keefer,Styche,kstycheep@ucoz.ru,Male,88.38.13.238
531,Lolly,Marcinkowski,lmarcinkowskieq@constantcontact.com,Female,77.248.147.117
532,Donaugh,Broadfoot,dbroadfooter@ebay.co.uk,Male,88.96.106.135
533,Maudie,Mougeot,mmougeotes@blogspot.com,Female,41.39.115.115
534,Brittne,Rodrigo,brodrigoet@google.it,Female,168.250.249.225
535,Aida,Tapner,atapnereu@bluehost.com,Female,245.107.222.142
536,Archibaldo,Pessler,apesslerev@exblog.jp,Male,110.239.226.232
537,Abigael,Paoletti,apaolettiew@networksolutions.com,Female,167.81.135.159
538,Catlaina,Kyteley,ckyteleyex@cafepress.com,Female,156.139.6.72
539,Florie,Zecchetti,fzecchettiey@jiathis.com,Female,198.118.243.26
540,Jilly,Leathard,jleathardez@techcrunch.com,Female,84.177.159.122
541,Damita,Yewdall,dyewdallf0@livejournal.com,Female,231.123.228.234
542,Hanan,Leport,hleportf1@geocities.jp,Male,184.63.55.165
543,Julieta,Antonescu,jantonescuf2@technorati.com,Female,83.108.170.250
544,Aleda,Rosendall,arosendallf3@discuz.net,Female,80.245.154.87
545,Jay,Hould,jhouldf4@cdc.gov,Male,119.210.59.64
546,Davita,Balsillie,dbalsillief5@yandex.ru,Female,76.6.111.254
547,Loraine,Becke,lbeckef6@engadget.com,Female,194.86.226.168
548,Robbie,Ludlamme,rludlammef7@google.com.au,Male,83.9.41.94
549,Nanci,Haill,nhaillf8@yellowbook.com,Female,111.249.138.235
550,Antons,Boyse,aboysef9@goo.gl,Male,156.61.139.181
551,Christoper,Pfeuffer,cpfeufferfa@wikimedia.org,Male,107.132.31.178
552,Hartley,Wyett,hwyettfb@twitpic.com,Male,246.85.202.170
553,Paxton,Cunnington,pcunningtonfc@twitpic.com,Male,212.155.97.200
554,Rivkah,Marciek,rmarciekfd@myspace.com,Female,118.211.84.104
555,Ozzy,Szymaniak,oszymaniakfe@deliciousdays.com,Male,244.142.85.231
556,Leesa,O'Hear,lohearff@boston.com,Female,52.29.173.15
557,Bobette,Buxam,bbuxamfg@who.int,Female,183.25.180.180
558,Annamaria,Ackeroyd,aackeroydfh@kickstarter.com,Female,155.157.74.109
559,Cally,Copins,ccopinsfi@technorati.com,Female,9.30.235.111
560,Alix,Bomb,abombfj@discuz.net,Male,124.252.223.177
561,Nannette,Dashkov,ndashkovfk@nih.gov,Female,59.37.138.206
562,Cale,Heselwood,cheselwoodfl@paginegialle.it,Male,106.212.216.207
563,Anatol,Kenshole,akensholefm@sphinn.com,Male,164.244.16.188
564,Say,Fowkes,sfowkesfn@multiply.com,Male,74.115.197.135
565,Alejoa,Banane,abananefo@sina.com.cn,Male,248.25.224.69
566,Maryjo,Itzhaiek,mitzhaiekfp@diigo.com,Female,21.208.208.133
567,Randee,Beardsley,rbeardsleyfq@freewebs.com,Female,51.109.201.167
568,Madonna,Rollitt,mrollittfr@linkedin.com,Female,207.73.219.154
569,Hewet,Riggey,hriggeyfs@epa.gov,Male,77.206.146.12
570,Sammy,de Grey,sdegreyft@t.co,Male,167.230.166.145
571,Lianne,Dixsee,ldixseefu@canalblog.com,Female,181.251.63.206
572,Noell,Lorens,nlorensfv@bloomberg.com,Female,110.189.204.130
573,Mace,Life,mlifefw@ezinearticles.com,Male,151.50.56.203
574,Ozzy,Dowbiggin,odowbigginfx@gnu.org,Male,115.136.24.85
575,Janelle,Tryme,jtrymefy@latimes.com,Female,196.116.226.232
576,Abbie,Baudino,abaudinofz@digg.com,Male,55.128.28.155
577,Darsey,Totman,dtotmang0@disqus.com,Female,144.34.56.76
578,Leonore,Toll,ltollg1@mail.ru,Female,142.210.47.173
579,Lucita,Patchett,lpatchettg2@upenn.edu,Female,131.6.65.123
580,Tabby,Slorach,tslorachg3@google.cn,Female,226.103.32.145
581,Natale,Gaymar,ngaymarg4@meetup.com,Male,59.221.130.22
582,Giselle,Cudmore,gcudmoreg5@msu.edu,Female,113.177.53.179
583,Berti,O'Roan,boroang6@flickr.com,Male,213.85.124.102
584,Angelique,Kalaher,akalaherg7@eventbrite.com,Female,163.155.194.185
585,Tobin,Simonazzi,tsimonazzig8@histats.com,Male,180.139.94.131
586,Pammy,Eberz,peberzg9@typepad.com,Female,197.56.45.154
587,Lombard,Cobby,lcobbyga@jugem.jp,Male,192.56.213.255
588,Teri,Haggerwood,thaggerwoodgb@google.cn,Female,141.97.219.204
589,Hetty,Bartram,hbartramgc@abc.net.au,Female,65.43.236.222
590,Aubine,Endrizzi,aendrizzigd@state.tx.us,Female,213.107.183.125
591,Artur,Hounsom,ahounsomge@behance.net,Male,71.204.222.146
592,Avrom,Tchaikovsky,atchaikovskygf@cafepress.com,Male,5.255.149.106
593,Dion,Collecott,dcollecottgg@webeden.co.uk,Male,201.118.78.125
594,Alia,Speechley,aspeechleygh@topsy.com,Female,163.177.144.56
595,Alaster,Whiston,awhistongi@imdb.com,Male,222.59.21.123
596,Agretha,Cecchi,acecchigj@cafepress.com,Female,106.45.61.44
597,Willy,Mushett,wmushettgk@google.co.jp,Female,76.146.127.123
598,Flory,Hanton,fhantongl@stumbleupon.com,Female,51.138.152.127
599,Eldredge,McDermott,emcdermottgm@gravatar.com,Male,232.68.84.169
600,Ophelia,Spier,ospiergn@ustream.tv,Female,95.191.254.170
601,Anjela,Ritelli,aritelligo@twitpic.com,Female,62.101.155.184
602,Jelene,Cess,jcessgp@etsy.com,Female,196.139.242.24
603,Orel,Broggelli,obroggelligq@freewebs.com,Female,155.5.157.103
604,Neel,Trencher,ntrenchergr@discovery.com,Male,108.105.9.217
605,Tresa,Yokley,tyokleygs@ucoz.ru,Female,36.115.19.163
606,Si,Torresi,storresigt@techcrunch.com,Male,52.141.138.55
607,Rolfe,Gamell,rgamellgu@discovery.com,Male,175.237.152.222
608,Conchita,Quiddington,cquiddingtongv@marketwatch.com,Female,30.153.155.62
609,Lucy,Jevon,ljevongw@goo.ne.jp,Female,218.101.26.219
610,Jedediah,Marshallsay,jmarshallsaygx@bravesites.com,Male,11.46.90.108
611,Bobbee,Jagiela,bjagielagy@ovh.net,Female,59.100.48.145
612,Pincus,Favey,pfaveygz@washington.edu,Male,113.164.1.40
613,Ethelin,Meran,emeranh0@illinois.edu,Female,60.108.242.15
614,Tad,Keen,tkeenh1@cdbaby.com,Male,62.142.141.145
615,Sharl,Jahan,sjahanh2@360.cn,Female,255.24.6.4
616,Randee,Orrobin,rorrobinh3@patch.com,Female,137.245.125.138
617,Gwenneth,Sails,gsailsh4@webnode.com,Female,59.23.0.59
618,Rik,Sitch,rsitchh5@wix.com,Male,52.155.100.229
619,Lynnett,Horsley,lhorsleyh6@bbb.org,Female,130.59.31.77
620,Raeann,Norssister,rnorssisterh7@hhs.gov,Female,76.23.154.97
621,Kalila,Mitkov,kmitkovh8@blogs.com,Female,97.4.251.10
622,Billie,Spurnier,bspurnierh9@apple.com,Female,50.142.225.64
623,Adelheid,McVittie,amcvittieha@blogtalkradio.com,Female,65.229.91.75
624,Ximenez,Winslett,xwinsletthb@shinystat.com,Male,117.135.140.10
625,Opaline,Powe,opowehc@weibo.com,Female,180.152.151.242
626,Alvina,Carlens,acarlenshd@china.com.cn,Female,122.139.240.23
627,Douglass,MacKniely,dmacknielyhe@slate.com,Male,230.79.82.12
628,Aurthur,Samples,asampleshf@java.com,Male,132.9.132.3
629,Legra,Tembey,ltembeyhg@is.gd,Female,42.252.52.255
630,Foster,Ord,fordhh@deliciousdays.com,Male,2.55.255.140
631,Farrell,Mottley,fmottleyhi@cbsnews.com,Male,68.14.243.35
632,Delaney,Ayshford,dayshfordhj@jigsy.com,Male,127.175.112.82
633,Nat,Traut,ntrauthk@feedburner.com,Male,135.139.53.1
634,Sonia,O'Fallone,sofallonehl@icio.us,Female,159.206.126.208
635,Temp,Paschek,tpaschekhm@ehow.com,Male,192.57.68.189
636,Rossy,Aslam,raslamhn@bigcartel.com,Male,49.187.131.130
637,Noel,Goghin,ngoghinho@cbc.ca,Female,214.132.188.241
638,Gene,Slafford,gslaffordhp@nifty.com,Female,68.225.177.189
639,Ivie,Findley,ifindleyhq@intel.com,Female,221.47.39.136
640,Gannon,Cabera,gcaberahr@xing.com,Male,47.183.186.152
641,Glyn,Baldoni,gbaldonihs@360.cn,Female,111.121.173.72
642,Thurstan,Mabey,tmabeyht@google.ca,Male,222.16.162.236
643,Goldy,Windybank,gwindybankhu@utexas.edu,Female,131.100.68.175
644,Arnold,Haseldine,ahaseldinehv@arstechnica.com,Male,223.148.188.130
645,Tobey,Bianco,tbiancohw@hc360.com,Female,239.161.97.48
646,Dedra,Nisco,dniscohx@who.int,Female,246.103.62.192
647,Davon,Huster,dhusterhy@unblog.fr,Male,141.127.213.179
648,Bidget,Laverty,blavertyhz@vk.com,Female,140.60.70.125
649,Stan,Inchcomb,sinchcombi0@cyberchimps.com,Male,33.224.37.194
650,Lowell,Ell,lelli1@flavors.me,Male,178.14.55.164
651,Amery,Tarbox,atarboxi2@creativecommons.org,Male,134.18.207.49
652,Stephanus,Berrycloth,sberryclothi3@wordpress.com,Male,125.214.252.202
653,Lia,Grabbam,lgrabbami4@princeton.edu,Female,120.92.227.102
654,Brittany,Wolverson,bwolversoni5@jigsy.com,Female,158.207.207.230
655,Jamal,Maude,jmaudei6@microsoft.com,Male,197.246.245.221
656,Lenette,Duligall,lduligalli7@skyrock.com,Female,139.0.4.35
657,Teresina,Raise,traisei8@cnbc.com,Female,6.79.9.85
658,Dunc,Budleigh,dbudleighi9@aol.com,Male,154.67.197.163
659,Margarette,Standbrooke,mstandbrookeia@123-reg.co.uk,Female,3.53.195.222
660,Thedric,Luxon,tluxonib@etsy.com,Male,66.176.136.87
661,Sharleen,Lakes,slakesic@webmd.com,Female,189.78.164.111
662,Valencia,Skeech,vskeechid@unc.edu,Female,79.104.176.157
663,Edith,Teodorski,eteodorskiie@java.com,Female,231.23.187.39
664,Eran,Pilsbury,epilsburyif@bloglines.com,Female,88.75.210.138
665,Pansy,Mariyushkin,pmariyushkinig@utexas.edu,Female,1.130.210.160
666,Sylvia,Horning,shorningih@who.int,Female,182.130.239.23
667,Sidney,Duesberry,sduesberryii@comcast.net,Male,105.227.192.20
668,Weidar,Honatsch,whonatschij@dion.ne.jp,Male,204.218.193.248
669,Ragnar,Bianco,rbiancoik@desdev.cn,Male,190.25.112.241
670,Eleanora,Maddra,emaddrail@miitbeian.gov.cn,Female,234.172.203.124
671,Marlon,Lyon,mlyonim@spotify.com,Male,186.163.125.60
672,Annie,Blazek,ablazekin@cnet.com,Female,47.45.225.114
673,Burton,Coolbear,bcoolbeario@sbwire.com,Male,78.76.32.198
674,Saidee,MacAughtrie,smacaughtrieip@domainmarket.com,Female,198.69.249.240
675,Letta,Stonham,lstonhamiq@admin.ch,Female,193.145.30.171
676,Mechelle,Miranda,mmirandair@wix.com,Female,149.139.216.115
677,Gusti,Demicoli,gdemicoliis@tuttocitta.it,Female,56.248.96.208
678,Rhetta,Pautard,rpautardit@webnode.com,Female,150.2.160.113
679,Francyne,Chaim,fchaimiu@forbes.com,Female,4.19.4.193
680,Lillian,Gunningham,lgunninghamiv@whitehouse.gov,Female,33.243.164.159
681,Jefferson,Arndtsen,jarndtseniw@quantcast.com,Male,58.156.103.149
682,Saba,Siddon,ssiddonix@ft.com,Female,65.214.85.248
683,Joe,Pardy,jpardyiy@jugem.jp,Male,118.248.83.80
684,Portia,Toll,ptolliz@xinhuanet.com,Female,33.151.130.40
685,Lonee,Kiltie,lkiltiej0@timesonline.co.uk,Female,21.130.112.247
686,Agnella,Eldredge,aeldredgej1@intel.com,Female,250.59.40.144
687,Monro,Savile,msavilej2@constantcontact.com,Male,49.118.195.114
688,Brant,Perton,bpertonj3@spiegel.de,Male,71.190.99.93
689,Helaine,Chillcot,hchillcotj4@barnesandnoble.com,Female,188.48.17.223
690,Mercedes,Sproston,msprostonj5@arstechnica.com,Female,154.117.137.213
691,Janine,Winterbottom,jwinterbottomj6@sphinn.com,Female,173.30.93.117
692,Dane,Mickleborough,dmickleboroughj7@yahoo.co.jp,Male,200.56.177.39
693,Francklin,Canto,fcantoj8@sourceforge.net,Male,45.13.29.112
694,Lowe,Becken,lbeckenj9@barnesandnoble.com,Male,130.198.97.241
695,Wadsworth,Dumbreck,wdumbreckja@drupal.org,Male,220.31.233.1
696,Peyter,Clulee,pcluleejb@sakura.ne.jp,Male,31.207.111.24
697,Sammie,Fritche,sfritchejc@trellian.com,Male,241.154.184.123
698,Hillel,Prevost,hprevostjd@zimbio.com,Male,79.202.130.5
699,Emelyne,Pickthorn,epickthornje@cyberchimps.com,Female,238.104.98.132
700,Jamie,Rowat,jrowatjf@umn.edu,Female,238.46.89.80
701,Erick,Limeburner,elimeburnerjg@blogs.com,Male,115.138.21.34
702,Philomena,Kassidy,pkassidyjh@pbs.org,Female,133.138.144.73
703,Shanon,Fitter,sfitterji@skyrock.com,Female,112.206.199.141
704,Melisenda,Cawston,mcawstonjj@artisteer.com,Female,172.248.180.126
705,Efren,Rosedale,erosedalejk@icio.us,Male,203.18.22.181
706,Nolie,Strevens,nstrevensjl@histats.com,Female,95.172.250.84
707,Rupert,Guyon,rguyonjm@independent.co.uk,Male,8.160.146.232
708,Allison,Greatham,agreathamjn@sciencedaily.com,Female,90.203.31.154
709,Babita,Bachman,bbachmanjo@ucoz.ru,Female,53.82.58.172
710,Jerrilyn,Papis,jpapisjp@sohu.com,Female,159.1.137.54
711,Gordan,McPeice,gmcpeicejq@gnu.org,Male,71.236.199.111
712,Fairleigh,Eydel,feydeljr@feedburner.com,Male,116.27.245.67
713,Jeanette,Glynn,jglynnjs@instagram.com,Female,245.139.32.11
714,Tad,Rilton,triltonjt@nymag.com,Male,48.5.135.253
715,Melisenda,Frankom,mfrankomju@nba.com,Female,240.199.109.31
716,Christiane,Ofer,coferjv@washingtonpost.com,Female,155.11.73.180
717,Pavel,O'Malley,pomalleyjw@marketwatch.com,Male,72.236.65.219
718,Faulkner,Gooderham,fgooderhamjx@addtoany.com,Male,74.81.127.53
719,Clint,Sliman,cslimanjy@phoca.cz,Male,59.157.73.88
720,Lilah,Beaton,lbeatonjz@dagondesign.com,Female,250.138.125.133
721,Farah,Lindborg,flindborgk0@google.com.br,Female,45.51.62.159
722,Had,Jahnig,hjahnigk1@usda.gov,Male,249.32.169.12
723,Buiron,Challener,bchallenerk2@vk.com,Male,82.74.210.182
724,Stu,Di Franceshci,sdifranceshcik3@digg.com,Male,131.231.59.243
725,Thibaud,Chomiszewski,tchomiszewskik4@bloglines.com,Male,121.91.26.242
726,Verina,Redhills,vredhillsk5@shutterfly.com,Female,216.136.106.241
727,Lesley,Dupey,ldupeyk6@yahoo.com,Male,217.40.78.219
728,Melany,Villar,mvillark7@mashable.com,Female,72.49.101.89
729,Berti,Hubach,bhubachk8@live.com,Female,240.14.8.176
730,Phip,Eady,peadyk9@simplemachines.org,Male,144.95.104.43
731,Jacky,Reidie,jreidieka@printfriendly.com,Male,239.3.199.183
732,Biddy,Dallman,bdallmankb@amazon.de,Female,168.2.43.217
733,Waring,Raccio,wracciokc@ovh.net,Male,118.236.66.7
734,Chickie,Purshouse,cpurshousekd@liveinternet.ru,Male,252.209.225.41
735,Lora,Maddox,lmaddoxke@soundcloud.com,Female,125.136.169.79
736,Anetta,McMorland,amcmorlandkf@unesco.org,Female,190.250.8.2
737,Maxy,Shewon,mshewonkg@sciencedirect.com,Male,237.130.14.112
738,Agosto,Howerd,ahowerdkh@aol.com,Male,238.195.44.100
739,Katuscha,Dirr,kdirrki@lycos.com,Female,120.94.146.76
740,Carry,Brindle,cbrindlekj@domainmarket.com,Female,44.200.70.116
741,Chaddie,Sanders,csanderskk@twitter.com,Male,148.92.28.204
742,Cecil,Georgiev,cgeorgievkl@sohu.com,Female,157.2.174.211
743,Drucie,Myrie,dmyriekm@xing.com,Female,64.10.223.160
744,Winny,Elijahu,welijahukn@dailymotion.com,Female,17.5.240.180
745,Yancey,Fallawe,yfallaweko@mtv.com,Male,177.167.170.90
746,Moss,Boram,mboramkp@princeton.edu,Male,109.156.12.220
747,Aldus,Veasey,aveaseykq@prnewswire.com,Male,10.94.94.13
748,Marcella,Dilloway,mdillowaykr@mayoclinic.com,Female,159.42.78.62
749,Abie,Kempson,akempsonks@rambler.ru,Male,7.34.195.235
750,Elisabet,Yarnall,eyarnallkt@elpais.com,Female,29.185.232.236
751,Anstice,Seabrooke,aseabrookeku@wikimedia.org,Female,37.236.12.55
752,Ingrim,Frostdicke,ifrostdickekv@i2i.jp,Male,241.213.233.179
753,Gregor,Dorow,gdorowkw@angelfire.com,Male,142.250.45.137
754,Osborne,Kingsmill,okingsmillkx@cocolog-nifty.com,Male,82.94.181.5
755,Hall,Genery,hgeneryky@narod.ru,Male,66.220.11.125
756,Shanan,Legg,sleggkz@pagesperso-orange.fr,Male,198.21.201.150
757,Shawn,Rigbye,srigbyel0@dedecms.com,Male,142.4.10.214
758,Abram,Eldon,aeldonl1@pen.io,Male,148.174.183.77
759,Tobe,Erbain,terbainl2@infoseek.co.jp,Male,0.17.159.43
760,Micki,Costock,mcostockl3@pen.io,Female,228.0.150.184
761,Isaiah,Minister,iministerl4@example.com,Male,125.109.196.214
762,Bertrando,Winslow,bwinslowl5@t.co,Male,184.30.107.132
763,Riane,Maciaszek,rmaciaszekl6@usgs.gov,Female,206.157.204.77
764,Woodie,Schruurs,wschruursl7@ifeng.com,Male,112.99.66.62
765,Valeria,Taylder,vtaylderl8@sakura.ne.jp,Female,242.181.75.232
766,Deni,Clere,dclerel9@nature.com,Female,97.15.142.99
767,Kendre,Candie,kcandiela@cdbaby.com,Female,85.23.94.54
768,Rosita,Padgett,rpadgettlb@simplemachines.org,Female,230.0.25.69
769,Frasquito,Iacobucci,fiacobuccilc@ucoz.com,Male,126.207.29.73
770,Pablo,Rayner,praynerld@gov.uk,Male,175.123.142.81
771,Dory,MacKall,dmackallle@drupal.org,Male,5.11.12.36
772,Blanch,Flade,bfladelf@admin.ch,Female,60.196.35.140
773,Mart,Facer,mfacerlg@nydailynews.com,Male,74.11.53.169
774,Patric,Brierton,pbriertonlh@nymag.com,Male,178.36.235.39
775,Consolata,Fuentez,cfuentezli@nytimes.com,Female,90.211.154.106
776,Kristos,Mouatt,kmouattlj@yale.edu,Male,200.0.192.88
777,Pietro,Raywood,praywoodlk@gravatar.com,Male,125.20.122.124
778,Pernell,Panter,ppanterll@4shared.com,Male,89.237.182.143
779,Dov,Coldham,dcoldhamlm@slate.com,Male,227.244.191.53
780,Stearn,Pauley,spauleyln@skyrock.com,Male,120.69.91.66
781,Arin,Allen,aallenlo@chicagotribune.com,Male,198.113.245.2
782,Elvira,Manuel,emanuellp@usatoday.com,Female,53.214.25.34
783,Orelia,Tissell,otisselllq@cnbc.com,Female,148.84.22.211
784,Cristi,Driussi,cdriussilr@seesaa.net,Female,102.140.129.154
785,Turner,Ceci,tcecils@phoca.cz,Male,35.223.89.132
786,Don,Hadny,dhadnylt@boston.com,Male,169.244.121.6
787,Tabbi,Cund,tcundlu@shareasale.com,Female,64.190.167.188
788,Malia,O'Brian,mobrianlv@admin.ch,Female,246.238.236.86
789,Tiffy,Trevna,ttrevnalw@ucsd.edu,Female,170.60.195.139
790,Martina,Marvelley,mmarvelleylx@wikispaces.com,Female,237.235.72.86
791,Rand,Breeton,rbreetonly@furl.net,Male,191.107.203.207
792,Dorolisa,Pitchers,dpitcherslz@xrea.com,Female,182.70.247.214
793,Paul,Pruce,pprucem0@youku.com,Male,230.235.62.70
794,Lolita,Bason,lbasonm1@google.fr,Female,254.209.198.248
795,Lura,Creffeild,lcreffeildm2@ehow.com,Female,136.67.194.41
796,Marga,Van der Son,mvandersonm3@usgs.gov,Female,180.75.59.211
797,Ezra,Ventris,eventrism4@jimdo.com,Male,209.27.125.236
798,Leshia,Gladbach,lgladbachm5@networkadvertising.org,Female,229.170.114.45
799,Kienan,Joontjes,kjoontjesm6@nhs.uk,Male,91.29.65.4
800,Fernande,Vasyaev,fvasyaevm7@elegantthemes.com,Female,197.180.73.22
801,Thorpe,Sharvell,tsharvellm8@privacy.gov.au,Male,11.122.109.171
802,Magdaia,Thwaites,mthwaitesm9@bluehost.com,Female,33.236.108.87
803,Yalonda,Eickhoff,yeickhoffma@google.fr,Female,118.41.183.178
804,Cleveland,Skippen,cskippenmb@thetimes.co.uk,Male,42.109.182.92
805,Pammy,Tosney,ptosneymc@deviantart.com,Female,42.105.106.177
806,Raffarty,Moat,rmoatmd@i2i.jp,Male,82.219.28.236
807,Bradney,Burg,bburgme@istockphoto.com,Male,4.128.252.4
808,Sharona,Greener,sgreenermf@histats.com,Female,142.35.130.152
809,Alecia,Brussels,abrusselsmg@arstechnica.com,Female,80.41.165.171
810,Errol,Leist,eleistmh@surveymonkey.com,Male,39.160.98.63
811,Jobina,Bolden,jboldenmi@t-online.de,Female,48.131.13.227
812,Glenine,Tohill,gtohillmj@wp.com,Female,202.140.236.52
813,Darci,Willshere,dwillsheremk@istockphoto.com,Female,156.202.73.216
814,Margalit,Efford,meffordml@chronoengine.com,Female,185.139.6.102
815,Ali,Gerrans,agerransmm@reddit.com,Male,250.9.68.239
816,Eudora,Sexcey,esexceymn@fda.gov,Female,24.190.76.69
817,Thorn,Kiloh,tkilohmo@google.it,Male,45.53.250.35
818,Evered,Gian,egianmp@friendfeed.com,Male,133.111.250.175
819,Tommie,Turford,tturfordmq@goo.gl,Female,0.234.145.162
820,Rosabelle,Adkin,radkinmr@mayoclinic.com,Female,203.198.49.168
821,Joletta,Boundey,jboundeyms@sciencedaily.com,Female,106.189.127.213
822,Germana,Talby,gtalbymt@time.com,Female,0.95.135.225
823,Hayley,Jowitt,hjowittmu@gnu.org,Female,209.128.129.93
824,Bronson,Skillington,bskillingtonmv@gmpg.org,Male,88.30.140.58
825,Barn,Sleeman,bsleemanmw@merriam-webster.com,Male,70.155.178.0
826,Rosemaria,Robion,rrobionmx@sogou.com,Female,112.110.179.3
827,Em,Pentelo,epentelomy@vkontakte.ru,Male,246.3.209.71
828,Randi,Meric,rmericmz@mit.edu,Female,225.12.214.126
829,Skell,Killick,skillickn0@si.edu,Male,122.129.22.101
830,Christiano,Kleinsinger,ckleinsingern1@phpbb.com,Male,57.174.6.216
831,Sherrie,Scotchbrook,sscotchbrookn2@buzzfeed.com,Female,247.66.30.147
832,Clay,Haggarth,chaggarthn3@youtube.com,Male,108.189.17.162
833,Tonnie,Loffill,tloffilln4@shareasale.com,Male,77.56.160.14
834,Shelagh,Broschke,sbroschken5@free.fr,Female,140.207.199.8
835,Letizia,Ruggieri,lruggierin6@twitpic.com,Female,195.224.54.214
836,De witt,Brass,dbrassn7@opera.com,Male,106.246.17.171
837,Ellissa,Jeffcock,ejeffcockn8@walmart.com,Female,83.234.156.109
838,Astrid,Peplaw,apeplawn9@census.gov,Female,178.198.169.134
839,Valerie,Hanbury,vhanburyna@cdc.gov,Female,135.198.209.211
840,Gweneth,Pink,gpinknb@desdev.cn,Female,243.20.199.35
841,Arv,Gerin,agerinnc@intel.com,Male,128.34.128.98
842,David,Casero,dcaserond@miibeian.gov.cn,Male,135.179.86.238
843,Timmie,Beesey,tbeeseyne@networkadvertising.org,Female,202.20.91.189
844,Lorianna,Baulcombe,lbaulcombenf@exblog.jp,Female,243.97.208.108
845,Madge,Ledwidge,mledwidgeng@howstuffworks.com,Female,9.111.9.152
846,Cammy,Gosnall,cgosnallnh@msn.com,Male,79.186.179.225
847,Adelle,Grinvalds,agrinvaldsni@quantcast.com,Female,24.175.123.177
848,Gerti,Scotford,gscotfordnj@yellowbook.com,Female,136.88.103.213
849,Ellery,Arrighi,earrighink@bigcartel.com,Male,208.133.13.166
850,Link,Carman,lcarmannl@opera.com,Male,42.191.56.141
851,Tessa,Ginty,tgintynm@goo.ne.jp,Female,251.211.207.178
852,Peterus,Durno,pdurnonn@goodreads.com,Male,215.43.87.239
853,Zerk,Duchateau,zduchateauno@unc.edu,Male,21.135.143.64
854,Rowney,Seabrocke,rseabrockenp@networksolutions.com,Male,237.235.117.104
855,Matthiew,Pedrocco,mpedrocconq@odnoklassniki.ru,Male,129.31.59.220
856,Jefferey,Stranahan,jstranahannr@list-manage.com,Male,166.157.85.131
857,Thebault,Loughead,tlougheadns@hugedomains.com,Male,216.247.93.227
858,Sisely,Ferrone,sferronent@networkadvertising.org,Female,41.9.221.190
859,Devy,Aikett,daikettnu@usgs.gov,Male,236.168.228.165
860,Arron,Killich,akillichnv@is.gd,Male,72.72.182.65
861,Schuyler,Gamet,sgametnw@github.io,Male,249.171.26.23
862,Hurleigh,Badwick,hbadwicknx@blogtalkradio.com,Male,230.121.129.21
863,Pier,Binns,pbinnsny@dot.gov,Female,21.142.160.101
864,Dean,Mattessen,dmattessennz@salon.com,Male,141.65.172.179
865,Boycey,Cossington,bcossingtono0@opera.com,Male,16.57.93.153
866,Demeter,Rosbotham,drosbothamo1@topsy.com,Female,238.163.14.216
867,Gay,Graysmark,ggraysmarko2@state.tx.us,Female,6.61.119.250
868,Tybie,Cornhill,tcornhillo3@opensource.org,Female,244.152.173.219
869,Michelina,Thorogood,mthorogoodo4@icio.us,Female,66.89.122.36
870,Cammy,Gotts,cgottso5@nydailynews.com,Male,49.185.161.227
871,Ilse,Akroyd,iakroydo6@imgur.com,Female,246.3.127.18
872,Sim,Kleuer,skleuero7@accuweather.com,Male,136.223.27.18
873,Nyssa,Goodier,ngoodiero8@berkeley.edu,Female,61.122.239.109
874,Eba,Gentsch,egentscho9@cbslocal.com,Female,212.97.118.58
875,Luce,Clemenson,lclemensonoa@discovery.com,Female,193.175.97.133
876,Cassondra,Whitehurst,cwhitehurstob@unicef.org,Female,45.53.180.147
877,Charmaine,Forcer,cforceroc@clickbank.net,Female,193.168.230.32
878,Albrecht,Burgon,aburgonod@noaa.gov,Male,142.244.233.219
879,Winthrop,Handy,whandyoe@wired.com,Male,105.84.158.19
880,Trixy,Deverall,tdeverallof@smh.com.au,Female,5.169.47.37
881,Chlo,Elcum,celcumog@whitehouse.gov,Female,126.208.42.205
882,Ford,Dominy,fdominyoh@furl.net,Male,158.203.87.85
883,Jenica,Reucastle,jreucastleoi@goodreads.com,Female,51.52.220.48
884,Raf,Breissan,rbreissanoj@cyberchimps.com,Female,129.5.183.85
885,Edlin,Tipens,etipensok@nih.gov,Male,232.158.55.207
886,Ringo,Attride,rattrideol@umn.edu,Male,38.22.107.199
887,Yetta,Calvie,ycalvieom@com.com,Female,23.187.185.73
888,Nedi,Strother,nstrotheron@utexas.edu,Female,61.190.246.204
889,Dorey,Lundy,dlundyoo@paypal.com,Male,27.108.93.114
890,Felecia,Ruane,fruaneop@naver.com,Female,141.112.240.196
891,Flint,Eicke,feickeoq@reverbnation.com,Male,221.129.253.133
892,Lida,Greydon,lgreydonor@dot.gov,Female,17.244.210.233
893,Charissa,Bearcroft,cbearcroftos@time.com,Female,6.233.22.101
894,Torin,Busfield,tbusfieldot@economist.com,Male,80.155.48.19
895,Ardra,McWhinnie,amcwhinnieou@technorati.com,Female,188.208.114.95
896,Dalis,Skitteral,dskitteralov@home.pl,Male,172.163.70.140
897,Kit,Mcettrick,kmcettrickow@surveymonkey.com,Male,213.6.180.241
898,Thornton,Thornally,tthornallyox@google.com.au,Male,254.85.159.252
899,Puff,Marrett,pmarrettoy@xrea.com,Male,229.218.53.202
900,Chrissie,Tegler,ctegleroz@bing.com,Male,114.227.168.246
901,Sarajane,Ilewicz,silewiczp0@soundcloud.com,Female,171.240.0.250
902,Layne,Vittet,lvittetp1@hibu.com,Female,133.3.251.101
903,Siegfried,Reinhart,sreinhartp2@friendfeed.com,Male,33.25.193.221
904,Keen,Stoakley,kstoakleyp3@addthis.com,Male,209.96.13.75
905,Genevra,Elwill,gelwillp4@home.pl,Female,25.160.95.52
906,Rosana,Lanegran,rlanegranp5@usnews.com,Female,194.120.31.144
907,Brandtr,Maddrell,bmaddrellp6@cpanel.net,Male,221.102.161.168
908,Gian,Demoge,gdemogep7@google.it,Male,39.111.145.253
909,Hort,Corkan,hcorkanp8@t-online.de,Male,179.52.240.18
910,Mike,Moxon,mmoxonp9@liveinternet.ru,Male,93.114.95.137
911,Vittorio,Ollarenshaw,vollarenshawpa@shutterfly.com,Male,113.97.88.10
912,Nickolai,Hubber,nhubberpb@yelp.com,Male,207.250.131.248
913,Dell,Gillbe,dgillbepc@hubpages.com,Female,225.246.5.97
914,Shannen,Canelas,scanelaspd@nymag.com,Female,239.6.201.210
915,Adoree,Lucia,aluciape@printfriendly.com,Female,245.226.251.143
916,Ivan,Cornick,icornickpf@virginia.edu,Male,68.222.189.133
917,Randi,Morando,rmorandopg@ameblo.jp,Male,23.93.119.133
918,Elenore,Steynor,esteynorph@howstuffworks.com,Female,78.104.190.17
919,Gleda,Paxman,gpaxmanpi@com.com,Female,172.224.223.236
920,Teddi,Dawidsohn,tdawidsohnpj@trellian.com,Female,89.121.187.49
921,Liva,Kausche,lkauschepk@biglobe.ne.jp,Female,13.210.181.135
922,Seana,McOwen,smcowenpl@lulu.com,Female,1.218.55.239
923,Grethel,Bouzek,gbouzekpm@blogs.com,Female,227.167.77.165
924,Corty,Dogerty,cdogertypn@senate.gov,Male,216.118.70.30
925,Kamillah,Fowells,kfowellspo@arstechnica.com,Female,95.82.154.153
926,Brand,Harbin,bharbinpp@storify.com,Male,128.88.30.17
927,Demetris,Peppett,dpeppettpq@infoseek.co.jp,Male,193.31.219.246
928,Ingeborg,Congrave,icongravepr@icio.us,Female,203.83.93.227
929,Fitzgerald,Sheasby,fsheasbyps@whitehouse.gov,Male,59.60.41.193
930,Kylie,Lomath,klomathpt@dedecms.com,Male,150.85.170.192
931,Darda,Bidnall,dbidnallpu@howstuffworks.com,Female,11.11.193.127
932,Ebonee,De Ruel,ederuelpv@sitemeter.com,Female,8.175.49.105
933,Olimpia,Nevinson,onevinsonpw@pagesperso-orange.fr,Female,100.186.197.100
934,Marcus,Scandred,mscandredpx@cbsnews.com,Male,115.212.202.104
935,Lorie,Durno,ldurnopy@1und1.de,Female,102.18.62.232
936,Elnore,Dominy,edominypz@dot.gov,Female,249.205.135.98
937,Carmencita,Chaffe,cchaffeq0@indiatimes.com,Female,40.253.130.135
938,Graig,Yurikov,gyurikovq1@webmd.com,Male,70.39.212.27
939,Israel,Viel,ivielq2@columbia.edu,Male,1.245.195.0
940,Chandra,Shaddock,cshaddockq3@economist.com,Female,23.20.219.46
941,Billy,Sleightholm,bsleightholmq4@spotify.com,Male,210.25.96.27
942,Bruno,Chettle,bchettleq5@desdev.cn,Male,216.182.37.94
943,Kara,Beech,kbeechq6@ucla.edu,Female,67.149.16.246
944,Jarid,Luck,jluckq7@instagram.com,Male,222.228.78.60
945,Gonzalo,Durkin,gdurkinq8@sina.com.cn,Male,102.158.49.229
946,Earlie,Teml,etemlq9@4shared.com,Male,187.237.51.69
947,Genovera,Esson,gessonqa@usa.gov,Female,170.122.180.132
948,Milo,Hould,mhouldqb@disqus.com,Male,184.250.54.91
949,Ingemar,Brighouse,ibrighouseqc@java.com,Male,54.170.132.231
950,Gustave,Perillo,gperilloqd@cloudflare.com,Male,207.6.13.25
951,Aldwin,Dring,adringqe@census.gov,Male,240.189.247.214
952,Bernarr,Sigars,bsigarsqf@yellowpages.com,Male,24.97.68.92
953,Ciro,Paolicchi,cpaolicchiqg@mashable.com,Male,238.145.233.17
954,Byrle,Landsborough,blandsboroughqh@irs.gov,Male,123.213.210.57
955,Jere,Tomowicz,jtomowiczqi@goo.gl,Female,207.89.65.254
956,Kare,Tomasutti,ktomasuttiqj@aol.com,Female,189.189.189.129
957,Elinor,Yepiskopov,eyepiskopovqk@marriott.com,Female,152.137.182.231
958,Nikos,Snowman,nsnowmanql@ebay.co.uk,Male,35.223.220.29
959,Rodd,McGarrie,rmcgarrieqm@topsy.com,Male,99.188.182.65
960,Donnell,De Biasi,ddebiasiqn@jigsy.com,Male,22.11.239.59
961,Guinevere,Nares,gnaresqo@wix.com,Female,92.223.163.70
962,Nathan,Ferbrache,nferbracheqp@theguardian.com,Male,203.217.140.92
963,Urbanus,Mumbeson,umumbesonqq@seesaa.net,Male,131.151.75.132
964,Ashlin,Loads,aloadsqr@howstuffworks.com,Male,73.98.60.47
965,Bearnard,Micklewicz,bmicklewiczqs@e-recht24.de,Male,247.234.182.182
966,Aldric,Hubberstey,ahubbersteyqt@intel.com,Male,193.118.188.58
967,Bevan,Gover,bgoverqu@webmd.com,Male,121.57.79.70
968,Alanson,Aubury,aauburyqv@qq.com,Male,65.105.30.5
969,Tarah,Tolomei,ttolomeiqw@latimes.com,Female,17.247.235.180
970,Marven,Godby,mgodbyqx@chicagotribune.com,Male,94.11.230.99
971,Brianna,Dinneen,bdinneenqy@japanpost.jp,Female,214.144.131.65
972,Ferdinanda,Bowie,fbowieqz@microsoft.com,Female,96.214.7.33
973,Nannette,Wille,nwiller0@webs.com,Female,187.18.237.94
974,Amble,Fluger,aflugerr1@cnet.com,Male,129.236.151.75
975,Liana,Ciardo,lciardor2@noaa.gov,Female,178.195.199.110
976,Tressa,De Freyne,tdefreyner3@friendfeed.com,Female,96.190.221.70
977,Ceciley,Mynett,cmynettr4@microsoft.com,Female,27.149.19.115
978,Torin,Sinnie,tsinnier5@list-manage.com,Male,191.77.205.131
979,Devin,Martinson,dmartinsonr6@webs.com,Male,79.48.21.153
980,Bendix,Minker,bminkerr7@hubpages.com,Male,135.16.65.64
981,Diego,Colaco,dcolacor8@goodreads.com,Male,126.65.174.117
982,Rorke,Feldbau,rfeldbaur9@aboutads.info,Male,8.155.150.34
983,Erin,Skin,eskinra@ucsd.edu,Female,139.23.91.203
984,Terza,McGannon,tmcgannonrb@sakura.ne.jp,Female,235.102.115.138
985,Janenna,Rasper,jrasperrc@google.com,Female,184.49.103.137
986,Amye,Anneslie,aanneslierd@acquirethisname.com,Female,160.101.175.86
987,Thaine,Shurville,tshurvillere@cocolog-nifty.com,Male,204.134.101.220
988,Mendie,Giacomello,mgiacomellorf@webmd.com,Male,91.168.112.7
989,Cristobal,Carragher,ccarragherrg@baidu.com,Male,90.38.182.22
990,Charlie,Everleigh,ceverleighrh@deliciousdays.com,Male,224.32.124.2
991,Delora,Brittain,dbrittainri@jiathis.com,Female,125.37.156.65
992,Harley,Menary,hmenaryrj@sakura.ne.jp,Female,19.48.197.64
993,Shelbi,Ungerecht,sungerechtrk@cbslocal.com,Female,2.228.112.176
994,Sol,Maher,smaherrl@canalblog.com,Male,191.130.12.34
995,Heindrick,Lenney,hlenneyrm@canalblog.com,Male,18.75.53.125
996,Abramo,Wynn,awynnrn@dropbox.com,Male,129.218.44.204
997,Alric,Badrock,abadrockro@economist.com,Male,56.65.184.146
998,Melesa,Dwelley,mdwelleyrp@parallels.com,Female,131.31.147.4
999,Klemens,Pighills,kpighillsrq@dyndns.org,Male,1.153.44.158
1000,Melloney,Biddlecombe,mbiddlecomberr@mapy.cz,Female,56.33.199.53
